Authors,,OR,lnor,LCI,UCI,ln(LCL),ln(UCL),SE(lnor),var
Adegunsoye et al.,,1.02,0.019802627,0.99,1.06,-0.010050336,0.058268908,0.017428379,0.000303748
Choe et al.,,1.03,0.029558802,1.01,1.05,0.009950331,0.048790164,0.009908121,9.81709E-05
Chung et al.,,1.03,0.029558802,1.01,1.06,0.009950331,0.058268908,0.012326168,0.000151934
Fernández Pérez et al.,,1.05,0.048790164,1.03,1.07,0.029558802,0.067658648,0.009719349,9.44657E-05
Tsutsui et al.,,1.024,0.023716527,0.936,1.12,-0.066139803,0.113328685,0.045782778,0.002096063
Wang et al.,,0.997,-0.003004509,0.963,1.033,-0.037701867,0.03246719,0.01790027,0.00032042
,,,,,,,,,
